{"stats":{"minecraft:killed":{"gnumus:gnumus_merchant":1,"gnumus:pitcher_mousse":1},"minecraft:used":{"minecraft:wooden_axe":20,"minecraft:bread":3,"minecraft:wooden_pickaxe":1,"minecraft:wooden_sword":21,"minecraft:crafting_table":3,"alexsmobs:animal_dictionary":17},"minecraft:picked_up":{"minecraft:book":12,"minecraft:crafting_table":2,"gnumus:gnumus_doubloons":6,"gnumus:gnumus_claw":1,"biomesoplenty:dead_log":8,"minecraft:paper":1,"minecraft:wooden_sword":1,"minecraft:hay_block":8,"gnumus:packaged_goods":2,"minecraft:grindstone":1,"minecraft:emerald":3,"minecraft:gray_bed":1,"gnumus:mouse_skin":2},"minecraft:custom":{"minecraft:time_since_rest":21944,"minecraft:sprint_one_cm":53844,"minecraft:damage_taken":169,"minecraft:walk_one_cm":69261,"minecraft:mob_kills":2,"minecraft:drop":4,"minecraft:damage_dealt":674,"minecraft:talked_to_villager":3,"minecraft:interact_with_crafting_table":3,"minecraft:fly_one_cm":18207,"minecraft:player_kills":1,"minecraft:open_chest":15,"minecraft:crouch_one_cm":1554,"minecraft:play_time":21944,"minecraft:sneak_time":872,"minecraft:walk_under_water_one_cm":1897,"minecraft:jump":233,"minecraft:time_since_death":21944,"minecraft:walk_on_water_one_cm":4630,"minecraft:climb_one_cm":1452,"minecraft:total_world_time":21944,"minecraft:fall_one_cm":4691},"minecraft:mined":{"minecraft:hay_block":8,"minecraft:gray_bed":1,"biomesoplenty:desert_grass":1,"treechop:chopped_log":4,"minecraft:crafting_table":2,"minecraft:grass":1,"biomesoplenty:dead_log":6,"minecraft:bookshelf":4,"minecraft:grindstone":1,"biomesoplenty:dune_grass":2},"minecraft:dropped":{"minecraft:wooden_axe":1,"gnumus:packaged_goods":1,"minecraft:wooden_sword":1,"farmersdelight:rice":1},"minecraft:crafted":{"minecraft:wooden_sword":1,"biomesoplenty:dead_planks":32,"minecraft:crafting_table":2,"minecraft:stick":8,"minecraft:wooden_pickaxe":1,"minecraft:wooden_axe":2,"minecraft:wheat":72}},"DataVersion":3465}