{"stats":{"minecraft:dropped":{"minecraft:hay_block":1,"alexsmobs:animal_dictionary":1},"minecraft:killed_by":{"minecraft:husk":1},"minecraft:crafted":{"minecraft:crafting_table":1,"minecraft:bread":102,"biomesoplenty:palm_planks":2,"minecraft:air":315,"minecraft:wheat":34},"minecraft:used":{"biomesoplenty:palm_planks":4,"minecraft:crafting_table":1,"minecraft:bread":2},"minecraft:picked_up":{"minecraft:crafting_table":1,"biomesoplenty:palm_log":2,"minecraft:hay_block":35,"biomesoplenty:orange_sand":1,"alexsmobs:animal_dictionary":1},"minecraft:mined":{"minecraft:hay_block":34,"minecraft:crafting_table":1,"biomesoplenty:dune_grass":3,"biomesoplenty:palm_log":2},"minecraft:custom":{"minecraft:open_chest":1,"minecraft:time_since_rest":24264,"minecraft:crouch_one_cm":2820,"minecraft:walk_one_cm":32393,"minecraft:play_time":39715,"minecraft:sprint_one_cm":36338,"minecraft:damage_taken":500,"minecraft:deaths":1,"minecraft:sneak_time":742,"minecraft:drop":2,"minecraft:jump":208,"minecraft:damage_dealt":14,"minecraft:leave_game":1,"minecraft:walk_on_water_one_cm":109,"minecraft:time_since_death":26663,"minecraft:total_world_time":39715,"minecraft:interact_with_crafting_table":1,"minecraft:fall_one_cm":6103,"minecraft:fly_one_cm":30590}},"DataVersion":3465}