{"stats":{"minecraft:killed_by":{"minecraft:spider":2},"minecraft:mined":{"minecraft:grass":7},"minecraft:custom":{"minecraft:jump":21,"minecraft:time_since_rest":1118,"minecraft:damage_dealt":156,"minecraft:leave_game":1,"minecraft:sprint_one_cm":2331,"minecraft:deaths":2,"minecraft:play_time":5931,"minecraft:damage_taken":530,"minecraft:time_since_death":847,"minecraft:walk_one_cm":5222,"minecraft:total_world_time":5931,"minecraft:fall_one_cm":1446,"minecraft:fly_one_cm":4910}},"DataVersion":3578}