{"stats":{"minecraft:dropped":{"minecraft:hay_block":2,"biomesoplenty:wildflower":1},"minecraft:crafted":{"minecraft:stick":24,"minecraft:wooden_pickaxe":1,"minecraft:acacia_planks":56,"minecraft:bread":197,"minecraft:wheat":576},"minecraft:used":{"minecraft:bread":6,"biomesoplenty:orange_sand":3,"minecraft:wooden_pickaxe":1,"minecraft:sand":1,"minecraft:crafting_table":2,"alexsmobs:animal_dictionary":2},"minecraft:picked_up":{"minecraft:lime_bed":1,"minecraft:crafting_table":3,"minecraft:green_bed":1,"minecraft:acacia_log":14,"minecraft:sand":1,"minecraft:blast_furnace":1,"minecraft:hay_block":66,"biomesoplenty:wildflower":1,"biomesoplenty:orange_sand":3},"minecraft:mined":{"minecraft:hay_block":64,"minecraft:lime_bed":1,"biomesoplenty:orange_sand":4,"biomesoplenty:wildflower":1,"biomesoplenty:desert_grass":1,"minecraft:crafting_table":3,"minecraft:blast_furnace":1,"minecraft:acacia_log":14,"minecraft:sand":1,"biomesoplenty:sprout":2,"biomesoplenty:dune_grass":1,"minecraft:green_bed":1},"minecraft:custom":{"minecraft:time_since_rest":19558,"minecraft:sprint_one_cm":46545,"minecraft:damage_taken":210,"minecraft:walk_one_cm":46400,"minecraft:drop":3,"minecraft:interact_with_crafting_table":5,"minecraft:interact_with_cartography_table":1,"minecraft:fly_one_cm":23650,"minecraft:open_chest":3,"minecraft:crouch_one_cm":369,"minecraft:play_time":19558,"minecraft:sneak_time":77,"minecraft:walk_under_water_one_cm":181,"minecraft:jump":164,"minecraft:time_since_death":19558,"minecraft:walk_on_water_one_cm":416,"minecraft:total_world_time":19558,"minecraft:fall_one_cm":4864,"minecraft:horse_one_cm":803}},"DataVersion":3465}