{"stats":{"minecraft:killed":{"gnumus:gnumus_merchant":1,"gnumus:pitcher_mousse":2,"gnumus:marsupial_mousse":1},"minecraft:used":{"minecraft:wooden_axe":14,"minecraft:bread":3,"minecraft:hay_block":1,"alexsmobs:animal_dictionary":2},"minecraft:killed_by":{"minecraft:player":1},"minecraft:picked_up":{"minecraft:wooden_axe":1,"biomesoplenty:dried_salt":1,"minecraft:leather":3,"gnumus:gnumus_claw":1,"biomesoplenty:dead_log":43,"biomesoplenty:wilted_lily":1,"minecraft:paper":2,"minecraft:orange_bed":1,"farmersdelight:organic_compost":2,"minecraft:light_gray_bed":1,"biomesoplenty:dead_sapling":4,"gnumus:packaged_goods":2,"minecraft:hay_block":23,"alexsmobs:emu_egg":1},"minecraft:custom":{"minecraft:time_since_rest":14106,"minecraft:sprint_one_cm":46797,"minecraft:damage_taken":352,"minecraft:walk_one_cm":70470,"minecraft:mob_kills":4,"minecraft:drop":1,"minecraft:damage_dealt":622,"minecraft:fly_one_cm":49272,"minecraft:open_chest":17,"minecraft:crouch_one_cm":88,"minecraft:play_time":18980,"minecraft:deaths":1,"minecraft:sneak_time":14,"minecraft:walk_under_water_one_cm":2967,"minecraft:jump":486,"minecraft:damage_dealt_resisted":70,"minecraft:leave_game":1,"minecraft:time_since_death":14053,"minecraft:walk_on_water_one_cm":5223,"minecraft:total_world_time":18980,"minecraft:climb_one_cm":2718,"minecraft:fall_one_cm":10804},"minecraft:mined":{"minecraft:hay_block":23,"farmersdelight:organic_compost":2,"biomesoplenty:desert_grass":2,"treechop:chopped_log":1,"gravestone:gravestone":1,"biomesoplenty:dead_leaves":1,"minecraft:light_gray_bed":1,"biomesoplenty:dried_salt":1,"biomesoplenty:dead_grass":2,"biomesoplenty:dune_grass":2,"minecraft:orange_bed":1},"minecraft:dropped":{"biomesoplenty:dried_salt":1}},"DataVersion":3465}