{"stats":{"minecraft:used":{"alexsmobs:animal_dictionary":4},"minecraft:picked_up":{"biomesoplenty:wilted_lily":1,"farmersdelight:rice":1},"minecraft:custom":{"minecraft:jump":54,"minecraft:open_chest":2,"minecraft:time_since_rest":815,"minecraft:deaths":1,"minecraft:damage_dealt":222,"minecraft:sprint_one_cm":57,"minecraft:leave_game":2,"minecraft:play_time":8107,"minecraft:damage_taken":264,"minecraft:time_since_death":775,"minecraft:walk_one_cm":26513,"minecraft:sneak_time":118,"minecraft:climb_one_cm":184,"minecraft:total_world_time":8107,"minecraft:talked_to_villager":1,"minecraft:fall_one_cm":1236,"minecraft:fly_one_cm":1296},"minecraft:mined":{"biomesoplenty:wilted_lily":2}},"DataVersion":3465}