{"rolls":1.0,"bonus_rolls":0.0,"name":"tombstone:lost_treasure","entries":[{"functions":[{"function":"tombstone:check_enabled"}],"name":"tombstone:essence_of_undeath","weight":10,"type":"minecraft:item"},{"name":"minecraft:angler_pottery_sherd","weight":2,"type":"minecraft:item"},{"name":"minecraft:archer_pottery_sherd","weight":2,"type":"minecraft:item"},{"name":"minecraft:arms_up_pottery_sherd","weight":2,"type":"minecraft:item"},{"name":"minecraft:blade_pottery_sherd","weight":2,"type":"minecraft:item"},{"name":"minecraft:brewer_pottery_sherd","weight":2,"type":"minecraft:item"},{"name":"minecraft:burn_pottery_sherd","weight":2,"type":"minecraft:item"},{"name":"minecraft:danger_pottery_sherd","weight":2,"type":"minecraft:item"},{"name":"minecraft:explorer_pottery_sherd","weight":2,"type":"minecraft:item"},{"name":"minecraft:friend_pottery_sherd","weight":2,"type":"minecraft:item"},{"name":"minecraft:heart_pottery_sherd","weight":2,"type":"minecraft:item"},{"name":"minecraft:heartbreak_pottery_sherd","weight":2,"type":"minecraft:item"},{"name":"minecraft:howl_pottery_sherd","weight":2,"type":"minecraft:item"},{"name":"minecraft:miner_pottery_sherd","weight":2,"type":"minecraft:item"},{"name":"minecraft:mourner_pottery_sherd","weight":2,"type":"minecraft:item"},{"name":"minecraft:plenty_pottery_sherd","weight":2,"type":"minecraft:item"},{"name":"minecraft:prize_pottery_sherd","weight":2,"type":"minecraft:item"},{"name":"minecraft:sheaf_pottery_sherd","weight":2,"type":"minecraft:item"},{"name":"minecraft:shelter_pottery_sherd","weight":2,"type":"minecraft:item"},{"name":"minecraft:skull_pottery_sherd","weight":2,"type":"minecraft:item"},{"name":"minecraft:snort_pottery_sherd","weight":2,"type":"minecraft:item"},{"name":"minecraft:bundle","weight":20,"type":"minecraft:item"},{"functions":[{"function":"tombstone:check_enabled"}],"name":"tombstone:bag_of_seeds","weight":20,"type":"minecraft:item"},{"functions":[{"tag":"{ancient:1b}","function":"minecraft:set_nbt"},{"function":"tombstone:check_enabled"}],"name":"tombstone:tablet_of_recall","weight":3,"type":"minecraft:item"},{"functions":[{"tag":"{ancient:1b}","function":"minecraft:set_nbt"},{"function":"tombstone:check_enabled"}],"name":"tombstone:tablet_of_home","weight":3,"type":"minecraft:item"},{"functions":[{"tag":"{ancient:1b}","function":"minecraft:set_nbt"},{"function":"tombstone:check_enabled"}],"name":"tombstone:tablet_of_assistance","weight":3,"type":"minecraft:item"},{"functions":[{"function":"tombstone:check_enabled"},{"function":"tombstone:delayed_nbt_loot"}],"name":"tombstone:scroll_of_knowledge","weight":20,"type":"minecraft:item"},{"functions":[{"tag":"{ancient:1b}","function":"minecraft:set_nbt"},{"function":"tombstone:check_enabled"}],"name":"tombstone:tablet_of_cupidity","weight":3,"type":"minecraft:item"},{"functions":[{"function":"tombstone:check_enabled"},{"function":"tombstone:delayed_nbt_loot"}],"name":"tombstone:magic_scroll","weight":50,"type":"minecraft:item"},{"functions":[{"function":"tombstone:check_enabled"}],"name":"tombstone:familiar_stone","weight":10,"type":"minecraft:item"},{"functions":[{"function":"tombstone:check_enabled"},{"function":"tombstone:delayed_nbt_loot"}],"name":"tombstone:voodoo_poppet","weight":10,"type":"minecraft:item"},{"functions":[{"function":"tombstone:check_enabled"},{"function":"tombstone:delayed_nbt_loot"}],"name":"tombstone:familiar_receptacle","weight":10,"type":"minecraft:item"},{"functions":[{"function":"tombstone:delayed_nbt_loot"}],"name":"tombstone:fishing_rod_of_misadventure","weight":20,"type":"minecraft:item"},{"functions":[{"function":"tombstone:check_enabled"}],"name":"tombstone:lost_tablet","weight":100,"type":"minecraft:item"},{"weight":678,"type":"minecraft:empty"}],"conditions":[{"predicate":{"type_specific":{"in_open_water":true,"type":"fishing_hook"}},"entity":"this","condition":"minecraft:entity_properties"}]}