{"rolls":1.0,"bonus_rolls":0.0,"name":"tombstone:archeology_treasure","entries":[{"functions":[{"function":"tombstone:check_enabled"}],"name":"tombstone:essence_of_undeath","weight":20,"type":"minecraft:item"},{"functions":[{"function":"tombstone:check_enabled"}],"name":"tombstone:soul_receptacle","weight":20,"type":"minecraft:item"},{"functions":[{"tag":"{enchant:1b}","function":"minecraft:set_nbt"},{"function":"tombstone:check_enabled"}],"name":"tombstone:tablet_of_recall","weight":60,"type":"minecraft:item"},{"functions":[{"tag":"{ancient:1b}","function":"minecraft:set_nbt"},{"function":"tombstone:check_enabled"}],"name":"tombstone:tablet_of_recall","weight":30,"type":"minecraft:item"},{"functions":[{"tag":"{enchant:1b}","function":"minecraft:set_nbt"},{"function":"tombstone:check_enabled"}],"name":"tombstone:tablet_of_home","weight":60,"type":"minecraft:item"},{"functions":[{"tag":"{ancient:1b}","function":"minecraft:set_nbt"},{"function":"tombstone:check_enabled"}],"name":"tombstone:tablet_of_home","weight":30,"type":"minecraft:item"},{"functions":[{"tag":"{enchant:1b}","function":"minecraft:set_nbt"},{"function":"tombstone:check_enabled"}],"name":"tombstone:tablet_of_assistance","weight":60,"type":"minecraft:item"},{"functions":[{"tag":"{ancient:1b}","function":"minecraft:set_nbt"},{"function":"tombstone:check_enabled"}],"name":"tombstone:tablet_of_assistance","weight":30,"type":"minecraft:item"},{"functions":[{"tag":"{enchant:1b}","function":"minecraft:set_nbt"},{"function":"tombstone:check_enabled"}],"name":"tombstone:tablet_of_cupidity","weight":60,"type":"minecraft:item"},{"functions":[{"tag":"{ancient:1b}","function":"minecraft:set_nbt"},{"function":"tombstone:check_enabled"}],"name":"tombstone:tablet_of_cupidity","weight":30,"type":"minecraft:item"},{"functions":[{"function":"tombstone:check_enabled"}],"name":"tombstone:familiar_stone","weight":20,"type":"minecraft:item"},{"functions":[{"function":"tombstone:check_enabled"},{"function":"tombstone:delayed_nbt_loot"}],"name":"tombstone:familiar_receptacle","weight":50,"type":"minecraft:item"},{"weight":530,"type":"minecraft:empty"}]}