{"rolls":1.0,"bonus_rolls":0.0,"name":"tombstone:chest_treasure","entries":[{"name":"minecraft:bundle","weight":20,"type":"minecraft:item"},{"functions":[{"function":"tombstone:check_enabled"}],"name":"tombstone:bag_of_seeds","weight":20,"type":"minecraft:item"},{"functions":[{"ancient":false,"function":"tombstone:random_scroll_buff"}],"name":"minecraft:air","weight":100,"type":"minecraft:item"},{"functions":[{"function":"tombstone:check_enabled"},{"function":"tombstone:delayed_nbt_loot"}],"name":"tombstone:scroll_of_knowledge","weight":20,"type":"minecraft:item"},{"functions":[{"tag":"{enchant:1b}","function":"minecraft:set_nbt"},{"function":"tombstone:check_enabled"}],"name":"tombstone:tablet_of_cupidity","weight":10,"type":"minecraft:item"},{"functions":[{"tag":"{enchant:1b}","function":"minecraft:set_nbt"},{"function":"tombstone:check_enabled"}],"name":"tombstone:tablet_of_home","weight":10,"type":"minecraft:item"},{"functions":[{"function":"tombstone:check_enabled"},{"function":"tombstone:delayed_nbt_loot"}],"name":"tombstone:magic_scroll","weight":50,"type":"minecraft:item"},{"functions":[{"function":"tombstone:check_enabled"}],"name":"tombstone:familiar_stone","weight":10,"type":"minecraft:item"},{"functions":[{"function":"tombstone:check_enabled"},{"function":"tombstone:delayed_nbt_loot"}],"name":"tombstone:voodoo_poppet","weight":10,"type":"minecraft:item"},{"functions":[{"function":"tombstone:check_enabled"},{"function":"tombstone:delayed_nbt_loot"}],"name":"tombstone:familiar_receptacle","weight":10,"type":"minecraft:item"},{"weight":740,"type":"minecraft:empty"}]}