{
  "1_splatus:ultris/root": {
    "criteria": {
      "c1": "2024-05-29 13:22:09 +0000"
    },
    "done": true
  },
  "minecraft:recipes/decorations/crafting_table": {
    "criteria": {
      "unlock_right_away": "2024-05-29 13:22:09 +0000"
    },
    "done": true
  },
  "dungeons_arise:wda_root": {
    "criteria": {
      "WDA": "2024-05-29 13:22:09 +0000"
    },
    "done": true
  },
  "minecraft:adventure/adventuring_time": {
    "criteria": {
      "minecraft:beach": "2024-05-29 13:22:28 +0000",
      "minecraft:old_growth_birch_forest": "2024-05-29 13:22:12 +0000"
    },
    "done": false
  },
  "DataVersion": 3465
}