[
  {
    "uuid": "90b5d9f5-7241-31f1-beb5-3799251b7a20",
    "displayName": {
      "insertion": "antonioelouzi",
      "clickEvent": {
        "action": "suggest_command",
        "value": "/tell antonioelouzi "
      },
      "hoverEvent": {
        "action": "show_entity",
        "contents": {
          "type": "minecraft:player",
          "id": "90b5d9f5-7241-31f1-beb5-3799251b7a20",
          "name": {
            "text": "antonioelouzi"
          }
        }
      },
      "extra": [
        {
          "text": "antonioelouzi"
        }
      ],
      "text": ""
    },
    "animation": "null"
  },
  {
    "uuid": "7c9a46fb-079b-38c3-bba6-285ddc1d6c32",
    "displayName": {
      "insertion": "joselete123",
      "clickEvent": {
        "action": "suggest_command",
        "value": "/tell joselete123 "
      },
      "hoverEvent": {
        "action": "show_entity",
        "contents": {
          "type": "minecraft:player",
          "id": "7c9a46fb-079b-38c3-bba6-285ddc1d6c32",
          "name": {
            "text": "joselete123"
          }
        }
      },
      "extra": [
        {
          "text": "joselete123"
        }
      ],
      "text": ""
    },
    "animation": "null"
  }
]